{
  "hash": "d96cac1d",
  "browserHash": "bcd93f4e",
  "optimized": {
    "@angular/common": {
      "src": "../../../../../node_modules/@angular/common/fesm2022/common.mjs",
      "file": "@angular_common.js",
      "fileHash": "7e99cbe4",
      "needsInterop": false
    },
    "@angular/common/http": {
      "src": "../../../../../node_modules/@angular/common/fesm2022/http.mjs",
      "file": "@angular_common_http.js",
      "fileHash": "99a4edd5",
      "needsInterop": false
    },
    "@angular/core": {
      "src": "../../../../../node_modules/@angular/core/fesm2022/core.mjs",
      "file": "@angular_core.js",
      "fileHash": "fae12b78",
      "needsInterop": false
    },
    "@angular/platform-browser": {
      "src": "../../../../../node_modules/@angular/platform-browser/fesm2022/platform-browser.mjs",
      "file": "@angular_platform-browser.js",
      "fileHash": "74b40a46",
      "needsInterop": false
    },
    "@angular/router": {
      "src": "../../../../../node_modules/@angular/router/fesm2022/router.mjs",
      "file": "@angular_router.js",
      "fileHash": "b46e755c",
      "needsInterop": false
    },
    "@fortawesome/angular-fontawesome": {
      "src": "../../../../../node_modules/@fortawesome/angular-fontawesome/fesm2022/angular-fontawesome.mjs",
      "file": "@fortawesome_angular-fontawesome.js",
      "fileHash": "e6bbb242",
      "needsInterop": false
    },
    "@fortawesome/free-brands-svg-icons": {
      "src": "../../../../../node_modules/@fortawesome/free-brands-svg-icons/index.mjs",
      "file": "@fortawesome_free-brands-svg-icons.js",
      "fileHash": "ae66223c",
      "needsInterop": false
    },
    "tslib": {
      "src": "../../../../../node_modules/tslib/tslib.es6.mjs",
      "file": "tslib.js",
      "fileHash": "54161264",
      "needsInterop": false
    }
  },
  "chunks": {
    "chunk-KVFBKNX6": {
      "file": "chunk-KVFBKNX6.js"
    },
    "chunk-D3JAE47F": {
      "file": "chunk-D3JAE47F.js"
    },
    "chunk-KSXKAPWS": {
      "file": "chunk-KSXKAPWS.js"
    },
    "chunk-HG3LFLJQ": {
      "file": "chunk-HG3LFLJQ.js"
    },
    "chunk-AOF462FV": {
      "file": "chunk-AOF462FV.js"
    },
    "chunk-HSNDBVJ3": {
      "file": "chunk-HSNDBVJ3.js"
    }
  }
}